Componente,Valor,Aplica
Cgen,423440.2202000008,true
Cfijo,2013.0,true
Carr,8131.799999999999,true
Cvert,0.0,false
CSOC,0.0,true
CBESS,388.97368421052556,true
Total,433973.993884211,true
