Componente,Valor,Aplica
Cgen,419847.6033752699,true
Cfijo,2013.0000000000011,true
Carr,8131.800000000005,true
Cvert,0.0,true
CSOC,0.0,false
CBESS,0.0,false
Total,429992.4033752696,true
