Componente,Valor,Aplica
Cgen,430864.72693456826,true
Cfijo,2164.0,true
Carr,8131.799999999999,true
Cvert,0.0,true
CSOC,0.0,true
CBESS,449.22834213163645,true
Total,441609.7552766998,true
