Componente,Valor,Aplica
Cgen,419336.6033752699,true
Cfijo,2012.9999999999902,true
Carr,8131.800000000007,true
Cvert,0.0,true
CSOC,0.0,true
CBESS,388.97368421052636,true
Total,429870.37705948006,true
