Caso,Costo,Bus_BESS,Bus_Eol
Basico,429357.9081999999,0,0
Eolico,424303.7410963799,0,1
BESS,429235.88188421045,1,0
Completo,423869.43015886866,1,1
