Caso,Costo,Bus_BESS,Bus_Eol
Basico,434096.02020000055,0,0
Eolico,429992.4033752696,0,1
BESS,433973.993884211,1,0
Completo,429870.37705948006,1,1
