Caso,Costo,Bus_BESS,Bus_Eol
Basico,446938.36524903076,0,0
Eolico,441815.4656585113,0,12
BESS,446312.58479338547,12,0
Completo,441609.7552766998,12,12
