Hora,Real,Prediccion
0:00,12.6,11.160865
1:00,9.8,9.87795
2:00,9.6,9.156964
3:00,9.5,9.010798
4:00,8.6,8.440985
5:00,8.3,6.2713995
6:00,5.4,6.128378
7:00,4.4,6.581309
8:00,5.1,5.8734426
9:00,9.9,10.257048
10:00,9.9,8.239675
11:00,7.8,8.805841
12:00,7.6,7.1328006
13:00,7.5,7.4832006
14:00,7,7.259502
15:00,8.2,8.460994
16:00,9.4,10.091043
17:00,9.7,9.845952
18:00,6.6,8.189251
19:00,6.4,6.316868
20:00,6.3,8.613397
21:00,11.3,10.123294
22:00,7,6.8049064
23:00,5.2,5.148587
