Hora,Real,Prediccion
0:00,9.4,8.61647
1:00,8.8,9.66456
2:00,9,6.74458
3:00,11.1,10.157169
4:00,11.4,10.662499
5:00,10.8,10.005261
6:00,12.2,9.3452015
7:00,11.5,7.502018
8:00,9.6,8.326471
9:00,12.5,10.501366
10:00,10.8,10.328151
11:00,12.4,10.322025
12:00,9.6,9.540375
13:00,9.2,9.92813
14:00,8.2,8.948708
15:00,6.5,8.656207
16:00,8.2,9.304303
17:00,4.2,6.640485
18:00,7.2,8.262619
19:00,7.3,8.86451
20:00,9.9,9.714559
21:00,8,8.590204
22:00,7.9,7.9447694
23:00,7,7.154072
